,X,text,label
1,1,Muslims BUSTED They Stole Millions In Govt Benefits,TRUE
2,2,Re Why Did Attorney General Loretta Lynch Plead The Fifth,TRUE
3,3,BREAKING Weiner Cooperating With FBI On Hillary Email Investigation,TRUE
4,4,PIN DROP SPEECH BY FATHER OF DAUGHTER Kidnapped And Killed By ISIS I have voted for Donald J Trump  100percentfedUpcom,TRUE
5,5,FANTASTIC TRUMP'S 7 POINT PLAN To Reform Healthcare Begins With A Bombshell  100percentfedUpcom,TRUE
6,6,Hillary Goes Absolutely Berserk On Protester At Rally Video,TRUE
7,7,BREAKING NYPD Ready To Make Arrests In Weiner CaseHillary Visited Pedophile Island At Least 6 TimesMoney Laundering Underage Sex PayforPlayProof of Inappropriate Handling Classified Information  100percentfedUpcom,TRUE
8,8,WOW WHISTLEBLOWER TELLS CHILLING STORY Of Massive Voter Fraud Trump Campaign Readies Lawsuit Against FL Sec Of Elections In Critical District VIDEO  100percentfedUpcom,TRUE
9,9,BREAKING CLINTON CLEAREDWas This A Coordinated Last Minute Trick To Energize Hillary's Base  100percentfedUpcom,TRUE
10,10,EVIL HILLARY SUPPORTERS Yell Fck TrumpBurn Truck Of Daddy Fishing With 2 Yr Son Over Of Trump BumperStickers VIDEO  100percentfedUpcom,TRUE
11,11,YIKES HILLARY GOES OFF THE RAILSPulls A Howard Dean Video,TRUE
12,12,SAY GOODBYE These 23 Hollywood Celebs Threatened To Leave The USLet's Hold Them To It  100percentfedUpcom,TRUE
13,13,NOT KIDDING Colleges Give Students Safe Spaces To Cry Over Trump WinThreaten Students Over ProTrump Chalkings,TRUE
14,14,BOOM MATH SHOWS Trump Would Have Beaten Obama In RomneyObama Election  100percentfedUpcom,TRUE
15,15,BOOM This Is How President Reagan Handled Protesters Negotiate What is there to negotiate Video  100percentfedUpcom,TRUE
16,16,TRUMP SUPPORTER GOT NUTS On MSNBC Reporter Covering AntiTrump Rioters Video,TRUE
17,17,TOMI LAHREN Has Special Message For Celebrities Who Said They'd Move To Canada If Trump Won VIDEO  100percentfedUpcom,TRUE
18,18,BoycottComedianROBERT DENIRO Wanted To Punch Trump In The FaceSupports AntiTrump RiotersNow Wants Americans To Support His New Movie VIDEO,TRUE
19,19,HES NEVER SOLD AN ORIGINAL PAINTING UNTIL NOWAnd This Ones Going In The White House,TRUE
20,20,SORRY LIBERALSYou Can Stop With The PetitionsHillary Did NOT Win The Popular Vote,TRUE
21,21,MARK CUBAN In The Event Donald Wins I Have No Doubt The Market TanksSo Here's What Really Happened VIDEO  100percentfedUpcom,TRUE
22,22,TRUMP SUPPORTER Whose Brutal Beating By Black Mob Was Caught On Video Asks What Happened To America VIDEO,TRUE
23,23,WOW WHITE Liberals Suggest Blacks Are Too Stupid To Get IDsCant Figure Out How To Use Internet VIDEO,TRUE
24,24,LOL BRITISH WIFE Of LIB ACTOR Who Said There Will Never Be A President Donald TrumpWarns Americans About PresidentElect Trump VIDEO,TRUE
25,25,EPIC TUCKER CARLSON Demolishes NYC Councilman Over Sanctuary Cities Video,TRUE
26,26,FUNNY SNLS SOLUTION To Democrat Election Denial Safe Space For Everyone Video,TRUE
27,27,DONALD TRUMP Calls Meeting With PressDresses Down Real Fake News Networks Everyone at CNN is a liar and you should be ashamed,TRUE
28,28,OOPS CRYBABY HAMILTON STARS Who Lectured Pence Haven't Voted In Years VIDEO  100percentfedUpcom,TRUE
29,29,WHITE TRUMPBASHING LIB Reprimanded On LIVE CNN Interview For Using NWord VIDEO,TRUE
30,30,BOOM Kellyanne Conway Shuts Down CNNs Cuomo,TRUE
31,31,SHARIA IN AMERICA How Minneapolis Muslims Are Still Being Recruited By Terrorists,TRUE
32,32,SHERIFF CLARKE On Obamas Final Days Obamas Like A Tenant Whos Been Evicted From A Property And Hes Gonna Trash The Place On The Way Out The Door VIDEO,TRUE
33,33,ANTITRUMP CROWD CHANTS Whats Better Than 11 Dead Cops 12 Dead CopsThree Police Officers Ambushed The Same Weekend Video,TRUE
34,34,Intl Community Still Financing Protecting Terrorists  Mother Agnes Vanessa Beeley on Syria,FAKE
35,35,FBI Director Comeys Leaked Memo Explains Why Hes Reopening the Clinton Email Case,FAKE
36,36,FBI REDUX Whats Behind New Probe into Hillary Clinton Emails,FAKE
37,37,PARTY CORRUPTION Clinton Campaign Directly Tied to Disgraced DNC Consultant,FAKE
38,38,Hillarys Russian Hack Hoax The Biggest Lie of This Election Season,FAKE
39,39,PARTNERS IN CRIME Goldman Sachs The Clintons  Wall Street,FAKE
40,40,WikiLeaks Hillary Clinton knew Saudi Qatar were funding ISIS  but still took their money for Foundation,FAKE
41,41,Hillary Clinton Jumps the Shark with Trumps Secret Russian Server Conspiracy Theory,FAKE
42,42,Prof Michel Chossudovsky discusses Hillary Clintons foreign policy  emerging nuclear risks,FAKE
43,43,Episode 159  SUNDAY WIRE TickTock USA with guests Dr Marcus Papadopoulos Basil Valentine,FAKE
44,44,KREMLIN Putin Congratulates Trump Hopes to Work Together Major Issues,FAKE
45,45,Americas Primal Scream David Icke Explains Reason for Trumps Election Result,FAKE
46,46,Mexicos Richest Oligarch Loses Billions on News of Trump Victory,FAKE
47,47,Beyonce Jay Z Hillary Clinton  You Dont Represent All Blacks Women,FAKE
48,48,VIDEO Female College Students Protesting Because Trump is a Rapist,FAKE
49,49,COLOR REV AGIT PROP George Soros MoveOn Agitators March on America  as Billionaire Instigator Sued,FAKE
50,50,Henningsen US AntiTrump Protests Similar to Soros Color Revolutions Abroad,FAKE
51,51,PostTrump Liberal Meltdown Counseling Cryins Therapy Dogs and Poetry,FAKE
52,52,Episode 160  SUNDAY WIRE Hail to the Deplorables with special guest Randy J,FAKE
53,53,CBS 60 Minutes Withheld Trumps Appeal to Stop Attacking Minorities and Ignored Reports of Attacks on Trump Supporters,FAKE
54,54,FLASHBACK  Hillary Clintons KKK Smear Against Trump was Democrat Strategy,FAKE
55,55,Hillary Clinton Supporters Now Calling for a Recount of Votes in Battleground States,FAKE
56,56,Hell Comes to Frogtown Alt Right and Triumph of Transhumanism,FAKE
57,57,EU Red Scare Brussels Passes New Resolution to Counter Russian Media Propaganda,FAKE
58,58,The Amish In America Commit Their Vote To Donald Trump Mathematically Guaranteeing Him A Presidential Victory  ABC News,FAKE
59,59,Obama Signs Executive Order Declaring Investigation Into Election Results Revote Planned For Dec 19th  ABC News,FAKE
60,60,A Tale Of Two Cities Mosul And Aleppo,FAKE
61,61,New Alaska Law Taking First Step Against Common Core,FAKE
62,62,Military Veteran Bonus Scandal Might Be Much Worse Than Initially Reported,FAKE
63,63,NATO US And UK Assemble Largest Troop Buildup On Russian Border Since Cold War,FAKE
64,64,Destruction of US Abrams Tank Mosul Offensive Good for General Dynamics,FAKE
65,65,A Conundrum of the Current Political Season,FAKE
66,66,Liberty or State Control You Decide,FAKE
67,67,Snowden Journalists Are a Threatened Class in Era of Mass Surveillance,FAKE
68,68,We Now Have Proof Obamacare Was Designed to Fail and Heres Why,FAKE
69,69,NoFly Zone Declared as Militarized Police Prep for Assault on FrontLine Camp at Standing Rock,FAKE
70,70,Anonymity The Greatest Weapon Against Oppression,FAKE
71,71,US Takes A Stab At A No Fly Zone In Two Places  Syria And Standing Rock,FAKE
72,72,5 Things You Need to Know About the Dakota Access Pipeline Protests,FAKE
73,73,Americans Preparing for Strong Possibility of Violence on Election Day,FAKE
74,74,Irony Redefined Human Rights Champion Suu Kyi Jails Dissidents,FAKE
75,75,We Live In A Time Where Each Individual Has Immense Power,FAKE
76,76,Technocracy The Real Reason Why The UN Wants Control Over The Internet,FAKE
77,77,Financial Whistleblower Explains Whats About to Happen to the Economy,FAKE
78,78,Distracted By Election 2016 No One Resisted The Deep States Patriot Act 2,FAKE
79,79,How HUD Makes Lousy Programs Look Great,FAKE
80,80,On The Fault Lines of Change GlobalizationvLocalization,FAKE
81,81,Blaming Russia For Everything Wrong in the US is Getting Dangerous,FAKE
82,82,FBI Reopens Hillary Email Probe Why Did It Take So Long,FAKE
83,83,Restaurant Chain Tim Hortons Blocks Independent Journalists Website on WiFi,FAKE
84,84,Russia Kicked Off UN Human Rights Council While Terrorist Saudi Arabia ReElected,FAKE
85,85,Like a Concentration Camp Police Mark DAPL Protesters with Numbers and Lock Them in Dog Kennels,FAKE
86,86,Mark Ruffalo Delivers Mobile Solar Trailers to Standing Rock Camps in Preparation for Harsh Winter,FAKE
87,87,Cancer Cancer Everywhere  But Not In The Presidential Suite,FAKE
88,88,The Globalization Of Media A Failing Strike Force,FAKE
89,89,Heres Why Everyone On Facebook Is Checking Into Standing Rock North Dakota,FAKE
90,90,Chinas Airport Security Robot Can Deliver Electroshocks,FAKE
91,91,Russia Japan May Finally Sign Peace Treaty to Officially End WWII Conflict,FAKE
92,92,Biggest Election Fraud In History Discovered In The United States,FAKE
93,93,DAPL Protesters Proven Right as Largest Gas Pipeline in US Experiences Massive and Deadly Explosion,FAKE
94,94,Not Just Hillary Entire Obama Administration Exposed for Using Private Email to Avoid FOIA Requests,FAKE
95,95,Former Ambassador Andrew Young Calls for End to Water Fluoridation Civil Rights Issue,FAKE
96,96,Johnson  Johnson Loses Yet Another Multimillion Dollar Case Over Baby Powder,FAKE
97,97,Latest Assault on Aleppo West Covers Up TerrorTies,FAKE
98,98,Obamacare forces companies to drop workers from private insurance,FAKE
99,99,Feds Ramp Up REAL ID Bullying Tactics,FAKE
100,100,ATT Helping Feds Spy On Everyone,FAKE
101,101,Critics Decry Surveillance of Canadian Journalist as Part of Horrifying Culture Shift,FAKE
102,102,Turkeys Crackdown on Criticism Continues as Journalists 10K Civil Servants Arrested,FAKE
103,103,AntiISIS Coalition Too Busy Defeating Themselves to Defeat ISIS,FAKE
104,104,Someone Just Donated 25 Million to Bail Out Everyone Arrested at Standing Rock,FAKE
105,105,If Russia Can Rig the US Presidential Election So Can An Insider,FAKE
106,106,Violent Escalation At The DAPL Protests w/Derrick Broze,FAKE
107,107,Water Protectors Face Off With Police NoDAPL,FAKE
108,108,See Real Voting System Rigged For Election Theft  Bev Harris,FAKE
109,109,Smart Meter Case Testimony Before the Pennsylvania Public Utility Commission What No One Wants to Acknowledge About EMF Damage,FAKE
110,110,Regardless of Who Wins the Election Confidence in Washington DC Is ALREADY Shattered,FAKE
111,111,Iraqis in Mosul Find US Missiles at Captured Islamic State Base,FAKE
112,112,Fed Holds on Raising Rates Fears Rising Dollar,FAKE
113,113,In Rush to Lay Blame Media Ignores Positive Community Movement in Flint Michigan,FAKE
114,114,You Are Being Programmed to Hate,FAKE
115,115,UK Involvement In US Secret Drone War Revealed,FAKE
116,116,US War In Afghanistan Silently Slips Into The Abyss,FAKE
117,117,Some Want Injustice To Be Distributed Evenly Rather Than Not At All,FAKE
118,118,Smart Meter Case Testimony Before the Pennsylvania Public Utility Commission What No One Wants to Acknowledge About EMF Damage Part 2 of 4,FAKE
119,119,Colorado Cannabis Industry Contributes More to Economy Than All Other Industries Report,FAKE
120,120,When Good People Share Bad Info  Heres Why You Need to Fact Check Before You Click Share,FAKE
121,121,Police Turn In Badges Rather Than Incite Violence Against Standing Rock Protesters Report,FAKE
122,122,Smart Meter Case Testimony Before the Pennsylvania Public Utility Commission What No One Wants to Acknowledge About EMF Damage Part 3 of 4,FAKE
123,123,WikiLeaks Revelations Leave The Federal Emperor Wearing No Clothes,FAKE
124,124,Iraqi Car Bomb JawDropping Crisis Actor Fakery Caught On Video,FAKE
125,125,FEMA Opens Loan Window As Red Cross Tries To Shut Down Shelters,FAKE
126,126,Cops Threaten To Arrest Students If They Dont Stop Handing Out Constitutions,FAKE
127,127,US Elections November Chaos What Youre Not Being Told,FAKE
128,128,US Plan C in Syria Make Al Qaeda Central The New Capital,FAKE
129,129,Drone Restrictions Can Help Peaceful Protesters Combat Injustice,FAKE
130,130,What Can The Mass Checkin At Standing Rock Tell Us About Online Advocacy,FAKE
131,131,Smart Meter Case Testimony Before the Pennsylvania Public Utility Commission What No One Wants to Acknowledge About EMF Damage Part 4 of 4,FAKE
132,132,False Flag US Intelligence Warns Of Likely Al Qaeda Terror Attack Day Before Election,FAKE
133,133,California Secessionists to Meet at Capitol Day After Presidential Election,FAKE
134,134,TreeShaped Vertical Farm Can Grow 24 Acres Of Crops,FAKE
135,135,No One Tried to Assassinate Donald Trump  But Austyn Crites Shows Up in WikiLeaks 7 Times,FAKE
136,136,Navy Petty Officer Joins DAPL Protest With Upside Down Flag  Our Greatest Enemies Are Right Here,FAKE
137,137,Leaked Memo Clinton Foundation Broke The Law,FAKE
138,138,Tiny Homes Banned In US At Increasing Rate As Govt Criminalizes Sustainable Living,FAKE
139,139,The Empire Files Abby Martin Exposes John Podesta,FAKE
140,140,Election Uncertainty Now Influencing Gold and Silver Prices,FAKE
141,141,DNC Hack A Cold War 20 False Flag,FAKE
142,142,Heres a Summary Of the Engineered US Election Chaos With a Positive Perspective,FAKE
143,143,FBI Wants you to Believe It Examined 650000 Emails in 691000 Seconds,FAKE
144,144,WikiLeaks Fends Off Cyber Attack,FAKE
145,145,Police Caught Spying on Journalists to Uncover Source of Leaks,FAKE
146,146,Just Weeks After Obamas Executive Order on Catastrophic Space Weather Events a Coronal Mass Ejection Is Set to Hit on Election Day,FAKE
147,147,Police State Elections 2016,FAKE
148,148,9 Reasons Why I Am NOT Voting,FAKE
149,149,No Matter Who Wins The Case Against Hillary Clinton Is Alive,FAKE
150,150,Cops Fire Tear Gas on Water Protectors as They Attempt to Reclaim Sacred Land,FAKE
151,151,What Is Fake News,FAKE
152,152,The US/Turkey Plan For Seizing Holding And Occupying Syrian Territory In Raqqa,FAKE
153,153,The US/Turkey Plan For Seizing Holding And Occupying Syrian Territory In Raqqa,FAKE
154,154,Proof That 100 Years of Voting for the Lesser Evil Gave Us Trump and Hillary,FAKE
155,155,Trump Declared The Winner,FAKE
156,156,President Elect Trump A New Era of Unpredictability Awaits,FAKE
157,157,Election Medias Movie of Reality Failed,FAKE
158,158,Voters in Arkansas North Dakota Legalize Medical Marijuana Despite Federal Prohibition,FAKE
159,159,Florida Voters Approve Medical Marijuana Reject Federal Prohibition,FAKE
160,160,BUSTED Trump Supporters Get Caught Creating Fake Badges To Intimidate Voters At Polling Places  Addicting Info  The Knowledge You Crave,TRUE
161,161,Kellyanne Conway LOSES IT On Jake Tapper When He Calls Out Trumps Bigoted Fans VIDEO,TRUE
162,162,Internet Erupts In Mockery After Sarah Palin Posts Something Monumentally Stupid Again TWEETS,TRUE
163,163,Trump Supporters Booby Trap Polling Place And Spill Blood Of Election Volunteer VIDEO  Addicting Info  The Knowledge You Crave,TRUE
164,164,I Dont Rent To N s Smoking Gun Proves Trump Family Racism VIDEO  Addicting Info  The Knowledge You Crave,TRUE
165,165,Former Classmate Trump Smacked His Son So Hard It Knocked Him To The Floor  Addicting Info  The Knowledge You Crave,TRUE
166,166,BREAKING Melania Trumps Immigration Records Made Public Show Trumps ULTIMATE Hypocrisy  Addicting Info  The Knowledge You Crave,TRUE
167,167,Unhinged Trump Supporter Holds Children AT GUNPOINT Over Damaged Trump Sign VIDEO,TRUE
168,168,Watch Beyonc Tell The Entire World Why She Supports Hillary Grab Your Tissues VIDEO,TRUE
169,169,The Toronto Star Published An Unauthorized Database Of Things That Will INFURIATE Trump  Addicting Info  The Knowledge You Crave,TRUE
170,170,SNL Gets Real And Delivers The Most Important Message Of The Election Year VIDEO,TRUE
171,171,Lindsey Graham Wants Trump To Put Ted Cruz On The Supreme Court Bench,TRUE
172,172,Michelle Obama Poses In A Pretty Dress So Racist Conservatives Call Her A Monkey SCREENSHOTS,TRUE
173,173,Racist Sign Calls For Lynching Black People To Prevent Them From Getting Equal Rights,TRUE
174,174,Trump Supporters Didnt Vote Because Of The Economy It Was Racism And Heres PROOF,TRUE
175,175,Megyn Kelly Makes BOMBSHELL Admission About Trump And The Media,TRUE
176,176,30 People Arrested For Food Stamp Fraud Guess How Many Were Black,TRUE
177,177,The Simpsons React To Their Trump Election Prediction And Theyre NOT Happy VIDEO,TRUE
178,178,Bernie Sanders Rises In The Senate Prepares To Become Trumps WORST Nightmare TWEETS  Addicting Info  The Knowledge You Crave,TRUE
179,179,Trump ERUPTS At Secret Meeting With The Press Transition In Chaos TWEETS  Addicting Info  The Knowledge You Crave,TRUE
180,180,Comment on HALLOWEEN IN THE CASTRO RETURNS IN 2014 by Day of the Dead 2015 History food and reflections  Andrea Lawson Gray,FAKE
181,181,Comment on Tutorial Riding The Philippine Jeepney by Ivan Jose,FAKE
182,182,Comment on What White House Executive Chef Comerford Would Cook For President Hillarys First Meal by Tony Rabon,FAKE
183,183,Comment on Philippines Voids Building Permit Of Trump Tower In Makati City by Shirley Barnett,FAKE
184,184,Comment on Hillary Clinton Campaign Logo Has A Subliminal Message by    ,FAKE
185,185,Comment on Philippine Government To Take Back The Internet From Maria Ressa And Rappler by adobochron,FAKE
186,186,Comment on If Elected President Donald Trump Will Not Live In The White House by Rebecca Bennett,FAKE
187,187,Comment on WHITE HOUSE EXECUTIVE CHEF REVEALS OBAMAS FAVORITE FILIPINO FOODS by Eligio Abellera,FAKE
188,188,Comment on Respected Journalist Bill Moyers Is First HighProfile American To Flee US After Trumps Election by Sue Penn SuePennonTwitte,FAKE
189,189,Comment on Donald Trump To Replace Filipina White House Chef With Paula Deen by Mitch Jalandoni,FAKE
190,190,Apple Adds AltRight Key To Its Computer Keyboards ,FAKE
191,191,Comment on About Us by adobochroniclescom  Real or Satire,FAKE
192,192,Comment on Philippines Department Of Tourism Unveils New Promo Slogan A Double Entendre by KoelWritingSouls,FAKE
193,193,President Putin Russian Federation supports Jammu and Kashmir's right of selfdetermination Indian army acts as ruthless bandits,FAKE
194,194,ISIS Declares It Will kill Palestinians One By One Yet Remains Quiet On Israel,FAKE
195,195,President Putin Russian Federation supports Jammu and Kashmir's right of selfdetermination Indian army acts as ruthless bandits,FAKE
196,196,ISIS Declares It Will kill Palestinians One By One Yet Remains Quiet On Israel,FAKE
197,197,CLINTON CAMPAIGN CHAIRMAN HAD MULTIPLE DINNERS WITH TOP DOJ OFFICIAL DURING HILLARY'S EMAIL INVESTIGATION,FAKE
198,198,Hillary has built the biggest bigmoney operation ever,FAKE
199,199,Hillary Sold Weapons To ISIS Wikileaks Confirms,FAKE
200,200,Top aide Hillary still not perfect in her head Wikileaks,FAKE
201,201,TRUMP CUTS OFF FUNDRAISING EVENTS FOR REPUBLICAN PARTY,FAKE
202,202,Hillary Personally Ordered Donald Duck Troll Campaign,FAKE
203,203,IBD/TIPP Tracking Poll Trump Leads Clinton with 43 Percent Support,FAKE
204,204,Hillary Friend Bribed FBI Agent and His Wife,FAKE
205,205,Arab Prince Who Gave Hillary 50 Million Begs Americans Not to Vote for Trump,FAKE
206,206,The Plenary Meeting of Iraqi Sunnis ended by stressing on unanimity and unity against threats,FAKE
207,207,Four Arab countries bought thousands of cars from Toyota and delivered them toDaesh,FAKE
208,208,UK training Saudi pilots amid reports of war crimes in Yemen,FAKE
209,209,US And Israeli Lawmakers Want Pakistan To Be Declared As Terrorist Country,FAKE
210,210,Busted Bill Recorded Telling Mistress To Deny That Clintons Helped Her Get A State Job,FAKE
211,211,Tim Kaine The Catholic Church Will Change Its SameSex Marriage Stance Or It Will Be Banned From The US,FAKE
212,212,Hillary We Did Not Lose A Single Important Person In Libya,FAKE
213,213,WikiLeaks Clinton Confidant Raised Money for Foundation Got Bill Paid Gigs,FAKE
214,214,Hillary Planning Her Escape After a Trump Win With a 18 BILLION Money Transfer to QATAR,FAKE
215,215,IOWA FARMER CLAIMS BILL CLINTON HAD SEX WITH COW DURING COCAINE PARTY,FAKE
216,216,Clinton cronies steered millions to foundation  and Bills wallet,FAKE
217,217,Biden Blames Lazy American Women For The Economy They Sit Around Doing Nothing Only Hillary Can Force Them To Work,FAKE
218,218,TRUMP CALLS FOR TEACHING PATRIOTISM IN SCHOOLS,FAKE
219,219,Rand Paul Polls Showing Hillary Ahead Are Designed To Suppress Turnout,FAKE
220,220,Saudi ambassador to the UAE Any contact with Iran Iraq Syria and Lebanon should be checked,FAKE
221,221,Erdoan US the founder of ISIS,FAKE
222,222,Poll 41 percent of voters say election could be stolen,FAKE
223,223,Hillary Clinton accused of stealing furniture from the State Department,FAKE
224,224,WIKILEAKS Hillary Got 12 Million for Clinton Charity As Quid Pro Quo For Morocco Meeting,FAKE
225,225,Trump warns of World War III if Clinton is elected,FAKE
226,226,Obama slams Trump's 'rigged' election claims as 'dangerous',FAKE
227,227,Donald Trump claims the election will be 'rigged'  and critics have called that preposterous and dangerous,FAKE
228,228,Trump says hed be neutral with Israelis and Palestinians,FAKE
229,229,Busted Bill Recorded Telling Mistress To Deny That Clintons Helped Her Get A State Job,FAKE
230,230,Tim Kaine The Catholic Church Will Change Its SameSex Marriage Stance Or It Will Be Banned From The US,FAKE
231,231,WikiLeaks Clinton Confidant Raised Money for Foundation Got Bill Paid Gigs,FAKE
232,232,Hillary Planning Her Escape After a Trump Win With a 18 BILLION Money Transfer to QATAR,FAKE
233,233,BILL CLINTON HAD SEX WITH COW DURING COCAINE PARTY IOWA FARMER REVEALS,FAKE
234,234,Clinton cronies steered millions to foundation  and Bills wallet,FAKE
235,235,Biden Blames Lazy American Women For The Economy They Sit Around Doing Nothing Only Hillary Can Force Them To Work,FAKE
236,236,TRUMP CALLS FOR TEACHING PATRIOTISM IN SCHOOLS,FAKE
237,237,Rand Paul Polls Showing Hillary Ahead Are Designed To Suppress Turnout,FAKE
238,238,Saudi ambassador to the UAE Any contact with Iran Iraq Syria and Lebanon should be checked,FAKE
239,239,Poll 41 percent of voters say election could be stolen,FAKE
240,240,Hillary Clinton accused of stealing furniture from the State Department,FAKE
241,241,WIKILEAKS Hillary Got 12 Million for Clinton Charity As Quid Pro Quo For Morocco Meeting,FAKE
242,242,Trump warns of World War III if Clinton is elected,FAKE
243,243,Obama slams Trump's 'rigged' election claims as 'dangerous',FAKE
244,244,Donald Trump claims the election will be 'rigged'  and critics have called that preposterous and dangerous,FAKE
245,245,Trump Hillary Clinton may be 'most corrupt person ever' to run for president,FAKE
246,246,Trump says hed be neutral with Israelis and Palestinians,FAKE
247,247,Donald Trump threatens to jail Hillary Clinton,FAKE
248,248,Trump accuses Obama Hillary Clinton of founding Daesh,FAKE
249,249,Trump accuses Obama Hillary Clinton of founding Daesh,FAKE
250,250,Trump Hillary Clinton may be 'most corrupt person ever' to run for president,FAKE
251,251,Donald Trump threatens to jail Hillary Clinton,FAKE
252,252,Hillary We Did Not Lose A Single Important Person In Libya,FAKE
253,253,ISIS uses an industrial dough kneader to kill 250 children roasts adults in a bakery oven in Douma Syria,FAKE
254,254,North Carolina Hillary Supporter Brags on Facebook About Voting Multiple Times,FAKE
255,255,3 Charlotte Area Counties Report Voting Machines Picking Wrong Candidates,FAKE
256,256,JASON CHAFFETZ EXPOSED HILLARY CLINTONS PLAN TO BRIBE FBI AGENTS TO LET HER GO,FAKE
257,257,WikiLeaks Email Proves Democrats Manipulate Polls,FAKE
258,258,Brad Pitt SHOCKS AMERICA Im Tired Of Liberals Taking My Money Im Voting For TRUMP,FAKE
259,259,ISIS uses an industrial dough kneader to kill 250 children roasts adults in a bakery oven in Douma Syria,FAKE
260,260,'If Trump loses I'm grabbing my musket' former congressman tweets,FAKE
261,261,Insider Leaks Bills 2Word Nickname For Hillary Exposes Dirty Bad Habits,FAKE
262,262,Reddit Users Declare War On Hillarys Paid Internet Trolls,FAKE
263,263,FEAR OF TRUMP BUSH OBAMA CLINTON ALL BUYING PROPERTY IN NONEXTRADITION NATIONS,FAKE
264,264,North Carolina Hillary Supporter Brags on Facebook About Voting Multiple Times,FAKE
265,265,3 Charlotte Area Counties Report Voting Machines Picking Wrong Candidates,FAKE
266,266,JASON CHAFFETZ EXPOSED HILLARY CLINTONS PLAN TO BRIBE FBI AGENTS TO LET HER GO,FAKE
267,267,Brad Pitt SHOCKS AMERICA Im Tired Of Liberals Taking My Money Im Voting For TRUMP,FAKE
268,268,Jackie Mason Hillary Clinton Too Untrustworthy To Serve As Bathroom Attendant  Shed Steal The Toilet Paper,FAKE
269,269,Insider Leaks Bills 2Word Nickname For Hillary Exposes Dirty Bad Habits,FAKE
270,270,Reddit Users Declare War On Hillarys Paid Internet Trolls,FAKE
271,271,FEAR OF TRUMP BUSH OBAMA CLINTON ALL BUYING PROPERTY IN NONEXTRADITION NATIONS,FAKE
272,272,Jackie Mason Hillary Clinton Too Untrustworthy To Serve As Bathroom Attendant  Shed Steal The Toilet Paper,FAKE
273,273,WikiLeaks Email Proves Democrats Manipulate Polls,FAKE
274,274,North Korea Threatens Sacred Nuclear War Against Israel if this country continue supporting ISIS,FAKE
275,275,North Korea Threatens Sacred Nuclear War Against Israel if this country continue supporting ISIS,FAKE
276,276,'If Trump loses I'm grabbing my musket' former congressman tweets,FAKE
277,277,Death of millions of Yemenis in the forgotten war,FAKE
278,278,Rigged Primary Media and Candidate the American Rigged System,FAKE
279,279,Jeddah airport was targeted by Ansar Allah missiles and was set on fire,FAKE
280,280,Is it possible that Saudi King be tried in US courts by JASTA Law,FAKE
281,281,Is it possible that Saudi King be tried in US courts by JASTA Law,FAKE
282,282,Death of millions of Yemenis in the forgotten war,FAKE
283,283,Rigged Primary Media and Candidate the American Rigged System,FAKE
284,284,Jeddah airport was targeted by Ansar Allah missiles and was set on fire,FAKE
285,285,Hillary Clintons Sudden Move Of 18 Billion To Qatar Central Bank Stuns Financial World,FAKE
286,286,Hillary Clintons Sudden Move Of 18 Billion To Qatar Central Bank Stuns Financial World,FAKE
287,287,From the beginning of this year Zionist regime has destroyed 780 houses belonging to Palestinians,FAKE
288,288,Erdogan wants to revive the dream of Ottoman Empire by supporting Saudi Arabia,FAKE
289,289,Syrian President Bashar alAssad welcomes the Prime Minister and Internal Trade and Consumer Protection Minister,FAKE
290,290,Accusing two young men in AlQatif,FAKE
291,291,Saudi Arabia announces date certain for the application of VAT,FAKE
292,292,Queen Elizabeth II owns every dolphin in Britain and doesn't need a driving licence and doesn't pay tax  here are the incredible powers you didn't know the monarchy has,FAKE
293,293,Flash Mob of Black Teens Assault Whites Media Silent On If It's A Hate Crime  Daily Wire,TRUE
294,294,Polls Tighten Trump Gains 27 Percent In Poll Average In Two Weeks,TRUE
295,295,Ben Shapiro Destroys John Oliver On Abortion And Trump  Daily Wire,TRUE
296,296,Will Michelle Obama Run For Office Heres President Obamas Answer,TRUE
297,297,Artificial Intelligence System Predicts Trump Victory,TRUE
298,298,Hillary Clinton Responds To New FBI Investigation,TRUE
299,299,George And Laura Bush Celebrate Their 70th Birthdays  Daily Wire,TRUE
300,300,8 Things You Need To Know About The Dakota Access Pipeline Protests,TRUE
301,301,Holding Hillary Accountable,TRUE
302,302,Texas AM Student Arrested After Crashing Into Squad Car While Taking Nude Selfie,TRUE
303,303,Supreme Court Will Decide Whether Boys Must Pee Next To Girls,TRUE
304,304,State Polls Trump Gains DRAMATICALLY  Daily Wire,TRUE
305,305,Hillary's Climactic TrumpPutin Oppo Dump An EPIC FAIL,TRUE
306,306,New York Times Tries to Compare Comey to Hoover Here Are 4 Reasons That's Idiotic,TRUE
307,307,4 Things You Need to Know About Corrupt DNC Head Donna Brazile,TRUE
308,308,Michael Moore Forget What I Said Before Trump Supporters Are 'Racists And Rednecks',TRUE
309,309,Hillary IMPLODES Trump 'Took EverythingPaid Nothing To Support Us',TRUE
310,310,BREAKING DOJ FINALLY Secures Warrant To Inspect Humas Emails  Daily Wire,TRUE
311,311,NYT On Trump's Rise 'Whiteness Is More Than Just Skin Color',TRUE
312,312,Somebody Kept Driving Over This Trump Supporters Sign The Trump Supporter Got Revenge Its Awesome,TRUE
313,313,Report New York Times Profit PLUMMETS,TRUE
314,314,Report FBI Didnt Ask Hillary Aides To Hand Over Devices While Hillary Was Secretary of State,TRUE
315,315,Desperate Obama RIPS Comey 'We Don't Operate On Innuendo'  Daily Wire,TRUE
316,316,NYT FBI Failed To Connect Trump To Putin,TRUE
317,317,Clemson University Student's Welcome 'Ben Shapiro Is A Pig'  Daily Wire,TRUE
318,318,Baier Indictment Likely In FBI Investigation Of Clinton Foundation,TRUE
319,319,WOW Indictment Likely in Clinton Foundation Case Hillarys Server Hacked by FIVE Foreign Entities  Daily Wire,TRUE
320,320,Obama Talks About HIMSELF 207 Times In Speeches Supposedly About Hillary,TRUE
321,321,Obama Tells Black Voters Trump Would 'Tolerate' KKK Support In Office,TRUE
322,322,7 Things You Need To Know About Trump And Sex Slave Island,TRUE
323,323,Christie Lost Republicans The 2012 Election He May Be Losing Them The 2016 Election Too,TRUE
324,324,Powerful Docudrama 'The Hidden Rebellion' Exposes Christian Persecution Under French Revolution,TRUE
325,325,Clinton Emails Use Arab Female Agitators To Shame Israel,TRUE
326,326,CoverGirl's New Face A 17YearOld Male,TRUE
327,327,11 Stupid Things Voxcom's Matthew Yglesias Has Said  Daily Wire,TRUE
328,328,On This Awful Election Day Is There A Silver Lining For America,TRUE
329,329,Clinton Campaign Harwood's Audience To Small Not Worth It,TRUE
330,330,Video Women On The Street Explain Why They Hate Hillary  Daily Wire,TRUE
331,331,LOL Parody 'Sponsorship' Video PERFECTLY Mocks Millennials,TRUE
332,332,DNC Head My 'Conscience Is Very Clear' About Sending CNN Townhall Questions To Hillary,TRUE
333,333,The 4 Biggest Losers In Donald Trump's STUNNING Victory,TRUE
334,334,Hillary Won More Votes Lost The Election,TRUE
335,335,PresidentElect Trump Proved Me Wrong About This Election Now I Ardently Pray He Proves Me Wrong About Him,TRUE
336,336,The Media Lost All of Its Political Power Last Night  Thank You Donald Trump  Daily Wire,TRUE
337,337,Just How Wrong Were the Pollsters The Final Polls vs the Final Results,TRUE
338,338,WATCH Cornell University Holding 'Cry Ins' To 'Mourn' Trump Win,TRUE
339,339,Video Trump Voter Dragged from His Car Brutally Beaten and Robbed by Gang of Hillary Supporters  Daily Wire,TRUE
340,340,Limbaugh Perfectly Sums Up Why the Left's Unwilling to Face Why Trump Really Won,TRUE
341,341,NC State Provides Students with PostElection Comfort Food Therapy,TRUE
342,342,WATCH UT Students Protest Trump,TRUE
343,343,Poll Sexism Was NOT A Factor In Hillary's Loss  Daily Wire,TRUE
344,344,Chelsea For President,TRUE
345,345,Bernie Sanders Won't Rule Out Running In 2020,TRUE
346,346,7 Reasons Trump Won  Daily Wire,TRUE
347,347,This Is The Best Picture In Human History  Daily Wire,TRUE
348,348,California Cafe Wants Legal Fees Paid by Muslim Women Who Sued Them,TRUE
349,349,WATCH Traffic Reporter's Savage Message to Those Who Threatened to Leave US If Trump Won,TRUE
350,350,LOL Listen to Yoko Ono's Primal Response to Trump Win,TRUE
351,351,Trump Begins to Walk Back Illegal Immigration Promises  Daily Wire,TRUE
352,352,3 Thoughts On Steve Bannon As White House Chief Strategist  dailywirecom,TRUE
353,353,The Media Go Insane Over Trump In Every Way Thats Why We Dont Trust Them,TRUE
354,354,The Week After Trumps Win The Reaction Of Liberal College Students,TRUE
355,355,Shapiro Eviscerates Raucous Protesters At University Of Wisconsin  Daily Wire,TRUE
356,356,Gallup Americans More Confident In Trump Since Election  Daily Wire,TRUE
357,357,5 Things You Need to Know About 'Sanctuary Cities'  Daily Wire,TRUE
358,358,The Left Says I Hate Myself For Voting Trump While Female I Don't I Just Hate You  Daily Wire,TRUE
359,359,Media Claim Trump Transition Chaos Trump's Way Ahead of Schedule  Daily Wire,TRUE
360,360,New Trump CIA Director Lets Dump The Iran Deal,TRUE
361,361,7 Things You Need To Know About Trump Attorney General Pick Jeff Sessions  Daily Wire,TRUE
362,362,Tapper Pushes 'Conflict Of Interest' Narrative,TRUE
363,363,CNN Panel Can't Explain Election Outcome,TRUE
364,364,Texas Officer Shot Dead Outside Police HQ,TRUE
365,365,Democrats Urge Obama to Pardon 750000 Illegal Immigrants Before Trump Takes Power,TRUE
366,366,Democratic Congressman Threatens Violence If GOP Tries To Defund Planned Parenthood  Daily Wire,TRUE
367,367,SNOWFLAKE Colbert Didnt Want To Write Jokes About Trump Winning  Daily Wire,TRUE
368,368,Kerry We Have To Worry About Treatment of Transgender People Globally,TRUE
369,369,Kanye Tour Cancelled After ProTrump Rants UPDATE Kanye Hospitalized,TRUE
370,370,Obama Says He's Had A ScandalFree Administration Here Are 11 of His Scandals,TRUE
371,371,Obama Wont Go Away After Hes Done Thats Good News  Daily Wire,TRUE
372,372,Meet All The Pundits Pandering For A Trump Adminstration Job  Daily Wire,TRUE
373,373,Democrat Electors Try To Persuade GOP Electors To Abandon Trump,TRUE
374,374,Mike Rowe Schools Hamilton Cast On Lecturing Pence  And Has A Few Notes For Trump Too,TRUE
375,375,7 Things You Need to Know About the JFK Assassination,TRUE
376,376,Tim Allen Hollywood Bullies Trump Supporters,TRUE
377,377,Trump Rips Press in Private Meeting with Media Honchos Is That Good or Bad for Conservatives,TRUE
378,378,Video Underwater Handgun Takes Fishing to the Next Level of Fun  Daily Wire,TRUE
379,379,Donald Trump Jr Met With Russian Advocates About Syria,TRUE
380,380,Meet the People Obama Just Gave the Medal of Freedom,TRUE
381,381,Regime Change South Africa Targeted by Western Destabilization Efforts  Global Research,FAKE
382,382,Combat Obesity with a Balance of Omega3 and Omega6,FAKE
383,383,12 Austrian Schools Evacuated Over Radioactive Rock,FAKE
384,384,There May Be Another Planet in Our Solar System,FAKE
385,385,Getting 10 Minutes of Sunlight Per Day Can Stop Depression,FAKE
386,386,The War Against Payday Lending,FAKE
387,387,Levers of Power Flushing the Vote Down the Memory Hole,FAKE
388,388,Top Clinton Ally Caught Accepting 20k Foreign Donation,FAKE
389,389,Police Investigate Fraud after Voter Registration Flips from Republican to Democrat,FAKE
390,390,Kurds Worried Turkey Will Stab Them in the Back as They Fight ISIS,FAKE
391,391,US Government Acknowledges That alQaeda Is Not A Priority In Syria,FAKE
392,392,Justice Department Releases Guidelines on Controversial AntiHacking Law,FAKE
393,393,Obama Admin Targets Soldiers Bonuses Lets Bad VA Employees Keep Theirs,FAKE
394,394,Black Lives Matter leader DeRay McKesson endorses Clinton,FAKE
395,395,Daughter of Holocaust Survivors Running for Senate Supports 2nd Amendment,FAKE
396,396,California National Guard Members wont have to Pay Back Bonuses,FAKE
397,397,Obamacare Architect Gruber Demands Larger Mandate Penalty,FAKE
398,398,ExState Dept Employee Sending Sensitive Info to Private Email Norm Under Clinton,FAKE
399,399,Will China Trigger the Next Global Recession,FAKE
400,400,Breaking Google  Youtube Caught Censoring Bill Clintons Son,FAKE
401,401,Get Ready For Civil Unrest Survey Finds That Most Americans Are Concerned About Election Violence,FAKE
402,402,Communists Terrorize Small Business,FAKE
403,403,Guardian Front Page A 16YearOld Migrant Cries,FAKE
404,404,Obamacare Architect LAUGHS About Skyrocketing Premiums VIDEO,FAKE
405,405,WATCH Hillary Aide RUSHES to Her Side to Help Her Climb ONE Step,FAKE
406,406,Clinton Campaign Circulated Paul Ryan Relative as Possible Supreme Court Pick,FAKE
407,407,Video Rude CNN Reporter Asks Trump Why Hes Taking Time Off To Open A Hotel,FAKE
408,408,Democrats Plan To Burn Down US If Trump Elected,FAKE
409,409,Podesta Who Told Hillary She Could Use Private Email,FAKE
410,410,Trump Warns Of Vote Flipping On Machines,FAKE
411,411,Exclusive Christs Burial Place Exposed for First Time in Centuries,FAKE
412,412,Three Quarters Of Americans Oppose Gun Control,FAKE
413,413,Wikileaks Email Clinton Operative Thinks Black Voters Are Stupid,FAKE
414,414,Chinese University Sells HIV Testing Kits in Vending Machine,FAKE
415,415,Hillary is a REAL Christian says Michael Moore,FAKE
416,416,USled Coalition Killed 300 Civilians in just 11 Air Strikes in Syria Amnesty International Report Finds,FAKE
417,417,MONOPOLY Banks Then Media Now Voting Machine Companies,FAKE
418,418,Public Faith in Elections Falls as the State Grows,FAKE
419,419,Ignoring The Law To Rig Elections,FAKE
420,420,WHO Cancer Agency Under Fire for withholding carcinogenic glyphosate Documents,FAKE
421,421,Grassroot Voter Fraud Investigation Hacked,FAKE
422,422,Illegal Immigrants Crossing The Border To Vote,FAKE
423,423,Trump Promotes World Peace As Hillary Calls For War,FAKE
424,424,AIDS Patient Zero Not the Source of the Outbreak,FAKE
425,425,UK Doctors Create List of Procedures You Dont Need,FAKE
426,426,Vitamin D Deficiency Dirty Air Doubles Your Risk of Dementia,FAKE
427,427,How A Communist Brainwashing Method Came To The US,FAKE
428,428,Trump And His Supporters Are Fighting A Rigged System,FAKE
429,429,7 Wikileaks Hillary Revelations The Media Wont Cover,FAKE
430,430,Assange claims crazed Clinton campaign tried to hack WikiLeaks,FAKE
431,431,Exclusive Dem Senators Private Email Hacked,FAKE
432,432,After Vets Fight War Feds Demand Money Back,FAKE
433,433,ABC Poll Oversamples Dems by 9 Claims Hillary Leading,FAKE
434,434,Mosquito Army Released in Zika Fight in Brazil  Colombia,FAKE
435,435,Bill Clintons Son Danney Williams has Youtube Channel Restored,FAKE
436,436,UK Economy Grows 05 in Three Months after Brexit Vote,FAKE
437,437,Shocking Michele Obama  Hillary Caught Glamorizing Date Rape Promoters,FAKE
438,438,The Most Shocking Campaign Ad Youve Ever Seen,FAKE
439,439,Christians Martyred by ISIS 1131,FAKE
440,440,Most Top Retailers Sell Food Produced With BeeKilling Pesticides,FAKE
441,441,Black Trump Supporter We need somebody that loves America,FAKE
442,442,Social Justice Warriors Vow to Call the Police on People Wearing Offensive Halloween Costumes,FAKE
443,443,When CIA and NSA Workers Blow the Whistle Congress Plays Deaf,FAKE
444,444,Why Every Man Must Take Control Of His Finances,FAKE
445,445,The Great American Screwjob,FAKE
446,446,A Vote For Hillary is a Vote For World War 3,FAKE
447,447,Statistical Tie Latest Breitbart/Gravis Poll Shows Donald Trump Closes the Gap with Less Than Two Weeks Left,FAKE
448,448,Schools All Over America Are Closing On Election Day Due To Fears Of Violence,FAKE
449,449,Putin Mocks Clinton Claim Of Russia Election Meddling Is US A Banana Republic,FAKE
450,450,WATCH CNN Called Clinton News Network On Air by Fiery British Conservative,FAKE
451,451,Homeless Woman Protects Trumps Walk of Fame Star From Violent Leftists,FAKE
452,452,Germany Students Forced to Chant Allahu Akbar Punished for Refusing Trip to Mosque,FAKE
453,453,Wikileaks Email Hillary Campaign Struggles to Reach Fking Dumb Young People,FAKE
454,454,Maryland Trump Supporter They Switched My Vote to Hillary,FAKE
455,455,Hillary Responds To Creepy Joe Biden Caught Groping Dozens of Young Women,FAKE
456,456,Clinton Insider Rigging Only Way Hillary Can Win,FAKE
457,457,Study Finds Women Now Drinking as Much as Men,FAKE
458,458,Social Media Activity Can Show Early Signs of Depression and Schizophrenia,FAKE
459,459,Back Story Of FBIs Hillary CoverUp,FAKE
460,460,Black Activist Blasts Hillary Clinton Over Wikileaks Revelation,FAKE
461,461,DraftOurDaughters ProWar Hillary Faces Backlash Over Female Draft,FAKE
462,462,Trump Will Beat Hillary With These Tricks,FAKE
463,463,The Globalists Behind The Rigged US Elections,FAKE
464,464,Hillary Running Scared From Shocking New Developments,FAKE
465,465,Trump Votes Are Being Flipped To Clinton,FAKE
466,466,Hillary Planning Violent Mob Attacks If Trump Wins,FAKE
467,467,This Viral Video Has Hillary Running Scared,FAKE
468,468,Big Pharma Targets Profits in Rare Diseases,FAKE
469,469,Elitists Will Reap Grapes of Wrath,FAKE
470,470,Breaking FBI Reopens Investigation into Clinton Emails,FAKE
471,471,Is Deindustrialization a Natural Phenomenon of Developed Economies,FAKE
472,472,Clinton Camp Desperate Russia Trains for WWIII,FAKE
473,473,The Email That Got John Podesta Hacked,FAKE
474,474,Clinton Inc Watch How it Pains MSM to Report Clinton Corruption,FAKE
475,475,Britain Should Embrace Unilateral Free Trade Right Now,FAKE
476,476,Ideas Make Us Rich,FAKE
477,477,Hillary To Be Indicted After Election Trump Responds To FBI Investigation,FAKE
478,478,World Community Fears Hillary Kill List,FAKE
479,479,3 Competing Theories On Why The FBI Reopened The Hillary Email Server Investigation,FAKE
480,480,2006 Audio Emerges of Hillary Clinton Proposing Rigging Palestine Election,FAKE
481,481,Votes Being Switched In Multiple States To Clinton,FAKE
482,482,Associated Press reporter admits faking news stories for Hillary Clinton stunning admission reveals how AP prints whatever the Clintons want FACTS BE DAMNED,FAKE
483,483,YouTube censoring videos  on censorship,FAKE
484,484,The Rothschild Family has corrupted global banks news media oil and government,FAKE
485,485,Doctors prescribe deadly opioid for painrelated issues that arent even legal,FAKE
486,486,NYT credibility DESTROYED by 7 simple questions from Newt Gingrich,FAKE
487,487,Trump Throws A Fit When Asked Why He Is Promoting His Hotel Instead Of Campaigning,TRUE
488,488,Clinton Isnt Letting Up As She Hammers Trump For Pimping His Hotel Instead Of Campaigning,TRUE
489,489,Three New Polls Shatter The Myth That The Presidential Election Is Tightening,TRUE
490,490,Former GOP Congressman Goes Full Trump Encourages Armed Revolt If Clinton Wins,TRUE
491,491,Conservatives Already Plotting To Block Clintons SCOTUS Picks Let Court Die Out,TRUE
492,492,The Media Is Getting Desperate And Pushing A Bogus Trump Comeback Story,TRUE
493,493,Trump Kicks AfricanAmerican Protester Out Of North Carolina Rally Calls Him A Thug,TRUE
494,494,Trump Repeats Bogus Claim That Captain Khan Would Still Be Alive If He Were President,TRUE
495,495,Trump Has Gotten The Republican Party Sued For Trying To Intimidate Voters,TRUE
496,496,Stung By Clinton Allegations Trump Claims He Used No Undocumented Workers in DC Hotel,TRUE
497,497,The Media Ignores the Good News On Climate Change,TRUE
498,498,Trump Campaign Admits They Are Trying To Steal The Election With Voter Suppression,TRUE
499,499,Democrats May Get A 2 For 1 Special As Trump Defeat Could Take Out Paul Ryan,TRUE
500,500,With Donald Trump Tanking a Trump Supporter Waves Her Hillary in a Noose Doll at Rally,TRUE
501,501,Number Of Accusers Grows To 12 As Former Miss Finland Accuses Trump of Sexual Assault,TRUE
502,502,Trumps Campaign Backfires As Hillary Clinton Attracts Millions of New Voters,TRUE
503,503,The Dream Team Of Hillary Clinton and Michelle Obama Fire Democrats Up In North Carolina,TRUE
504,504,4 New Polls Suggest That Republicans Are On The Cusp Of A Total Election Disaster,TRUE
505,505,Democrats Are Going Back Into Florida With Millions Of Dollars To Retire Marco Rubio,TRUE
506,506,Trump Proposes Canceling Election Calls Black Communities Ghettos At Ohio Rally,TRUE
507,507,Bernie Sanders Says What The Media Wont Trump Is A Gutless Political Coward,TRUE
508,508,Misogynist Donald Trump is Hemorrhaging Evangelical Women Voters,TRUE
509,509,Retired 4 Star General Blasts Trump For Not Supporting US Troops,TRUE
510,510,Mike Pence Campaign Plane Slides Off Runway After Landing At LaGuardia Airport,TRUE
511,511,Trumps New Defense Strategy On Access Hollywood Tape Blame The Microphone,TRUE
512,512,Trump Is Ahead In Zero National Polls While The Media Continues Close Race Narrative,TRUE
513,513,In the First 19 Days of October Trump Gave Just 31K to His Own Campaign,TRUE
514,514,Senator Mark Kirk Mocks Disabled Veteran Tammy Duckworth for MixedRace Heritage,TRUE
515,515,The Banishment Of Trump Has Begun As The American People Are Tuning Him Out,TRUE
516,516,Billionaire Donald Trumps Presidential Campaign Is Flat Out Broke,TRUE
517,517,Moronic Trump Campaign Thinks Reopened Clinton Email Investigation Will Save Them,TRUE
518,518,The Reopening Of The Clinton Email Investigation Is More GOP Hype Over Nothing,TRUE
519,519,Hillary Clinton Is Brilliantly Forcing Broke Trump To Spend Money Defending Arizona,TRUE
520,520,Marco Rubio Inches Closer To Unemployment As Poll Shows Florida Senate Race Tie,TRUE
521,521,Mike Pence Is Fine With Trump Sexual Assault But Offended By Voter Suppression,TRUE
522,522,Revived Clinton Email Scandal Killed By A Slew Of New Facts In Record Time,TRUE
523,523,Reality Slaps Donald Trump In The Face As US Economy Roars Back,TRUE
524,524,Trump Wrecks Any Hope GOP Had Of Taking Advantage Of Clinton Email Investigation,TRUE
525,525,GOP Scandal Falls Apart As New Emails Didnt Come From Hillary Clintons Server,TRUE
526,526,Donald Trump Calls A Black Supporter A Paid Thug and Kicks Him Out of His Rally,TRUE
527,527,Hillary Clinton Laughs When Asked If the New Emails Could Sink Her Campaign,TRUE
528,528,The Real Reason Why The Clinton Email Scandal Is Back Has Nothing To Do With Helping Trump,TRUE
529,529,DOJ Complaint Filed Against FBI Director James Comey For Interfering In Presidential Election,TRUE
530,530,Trump Supporter Jailed for Trying to Rig the Election By Committing Voter Fraud,TRUE
531,531,FBI Director James Comey Schooled by Former DOJ Spokesman for Abusing His Power,TRUE
532,532,Friday Fox Follies  Megyn  Murdochs Money,TRUE
533,533,Fox News Calls for Special Prosecutor to Investigate Hillary Clinton,TRUE
534,534,The Media Got Suckered Into Buying The GOPs Bogus Clinton FBI Email Tale,TRUE
535,535,Comey Letter Backfires As Email Scandal Revival Energizes Hillary Clinton Supporters,TRUE
536,536,Women Everywhere Cringe in Horror Watching Donald Trump Sexually Humiliate a Woman for Revenge,TRUE
537,537,Pollster Sees No Early Impact From Comey Clinton FBI Email Letter In Swing States,TRUE
538,538,Bombshell New Details Destroy Republican Hopes In FBI Clinton Email Investigation,TRUE
539,539,Trump Melts Down And Accuses The US Postal Service Of Stealing The Election For Clinton,TRUE
540,540,President Obama Gets Real Not Revenge On Republicans,TRUE
541,541,When Trump Attacked the Khans He Didnt Know What a Gold Star Family Was,TRUE
542,542,Koch Brothers Helped Incite the Impending Bloodbath Among Republicans,TRUE
543,543,Concert plus campaign Clinton turns to celebrities in homestretch,TRUE
544,544,Clinton campaign urges FBI to detail new developments in email case,TRUE
545,545,Hillary Clinton enjoys solid lead in early voting Reuters/Ipsos poll,TRUE
546,546,David Fahrenthold Strikes Exposing Donald Trumps False Philanthropy,TRUE
547,547,Yes The Religious Right Warns Witchcraft Could Decide This Election,TRUE
548,548,Early Voting Is So Strong For Democrats That Clinton Could Lock Up Nevada this Week,TRUE
549,549,Hillary Clinton Maintains Swing State Leads As Comey Email Letter Flops,TRUE
550,550,Email Pandemonium and the Perpetuation of Rape Culture,TRUE
551,551,Comeys October Surprise Blows Up In His Face As Democrats Drop The Hammer On FBI Boss,TRUE
552,552,George W Bushs Ethics Lawyer Files Complaint Against FBI Director James Comey,TRUE
553,553,Fox News Gets Destroyed While Trying To Blame Hillary Clinton For GOP Email Scandal,TRUE
554,554,Trump Thug Chants Jews S A at Arizona Rally,TRUE
555,555,The Top Democrat In The Senate Just Accused FBI Director James Comey Of Breaking The Law,TRUE
556,556,October Shocker FBI Has Explosive Information on Trump Conspiring With Putin,TRUE
557,557,Trump Campaign Has A Nervous Breakdown After Comey Letter Fails To Swing The Election,TRUE
558,558,Call On President Obama to Terminate FBI Director Comey on November 9,TRUE
559,559,Supreme Court Decides to Weigh in On Transgender Rights,TRUE
560,560,Donald Trump Destroyed as Fact Checker Reveals Trump Lies 20 to 37 Times Per Day,TRUE
561,561,The Catholic Church Uses TaxExempt Funds To Stop Marijuana Legalization,TRUE
562,562,Donald Trump Whines Because ISIS Cuts off Heads We Should be Able to Waterboard,TRUE
563,563,Losing Trump Tries to Fool Voters with Last Ditch Media Propaganda Scam,TRUE
564,564,It Turns Out Trump Put off Investigators for 6 Months While He Destroyed Emails,TRUE
565,565,Ethics Complaint Filed Against Rep Jason Chaffetz for Releasing Comey Clinton Email Letter,TRUE
566,566,Explosive Audio Surfaces Of GOP Senator Joking About Gun Owners Shooting Clinton,TRUE
567,567,Comey Bias Exposed As FBI Boss Refused To Call Out Russians For Hacking Before Election,TRUE
568,568,Trump Is Deadbeating On His Campaign Debts By Refusing To Pay His Own Pollster,TRUE
569,569,Trump Crushed By Hillary Clintons New Powerful Closing Argument To Women,TRUE
570,570,New Report Uncovers Secret Trump Server That Repeatedly Communicated With Russia,TRUE
571,571,Donald Trump May Have Broken The Law To Avoid Paying Federal Income Taxes,TRUE
572,572,Bad News For Republicans As Court Intervenes In Their Voter Intimidation Scheme,TRUE
573,573,Mainstream Media Ignoring 75 Lawsuits Against Trump to Focus on Clinton Emails,TRUE
574,574,North Carolina Republicans Sued For Rigging the Election For Trump,TRUE
575,575,Rachel Maddow Shines the Light on Trumps White Supremacist Support,TRUE
576,576,Trump Kills The GOP With The Lowest Score In History Of Presidential Leadership Poll,TRUE
577,577,FBI Horrified As Spy Says Russia Has Been Supporting And Cultivating Trump For Years,TRUE
578,578,Comey Must Explain Why He Advised Obama Not to Publicly Accuse Russia of Hacking Democrats,TRUE
579,579,Comey Letter Hurts GOP As Hillary Clinton Raised 113 Million Online In 72 Hours,TRUE
580,580,Hillary Clinton Is Setting A Masterful Trap For Trump To Self Destruct,TRUE
581,581,370 Economists Sign Letter Urging America Not To Vote For Donald Trump,TRUE
582,582,David Bossie Desperately Claims Clinton Enthusiasm Gap is Trump Path to Victory,TRUE
583,583,House Republicans Plan Secret Meeting To Discuss Overthrowing Paul Ryan,TRUE
584,584,Sean Hannity Spreads Fake News Story To Millions As Republicans Remain Brainwashed,TRUE
585,585,Donald Trump Begs Hillary Clinton Early Voters to Change Their Votes,TRUE
586,586,Hillary Clinton Shuts Down Protester and Trumps Divisive Vision at Florida Rally,TRUE
587,587,Re Vladimir Putin,FAKE
588,588,EU states agree caps on wholesale roaming charges,FAKE
589,589,Re Serbian Culture,FAKE
590,590,Clinton Campaign Chair Had Dinner With Top DOJ Official One Day After Hillarys Benghazi Hearing,FAKE
591,591,Hillary takes a cookie from a little person on Univision gets tequila and a huge birthday cake practices Spanish dances Salsa and gets called a home girl in doanything bid to crush Trump in Florida,FAKE
592,592,Migrant screaming Allahu Akbar bursts into a wedding in a German church and tears down decorations,FAKE
593,593,Strange messages coming from the stars are probably from aliens scientists say,FAKE
594,594,Obamacare Architect on Rising Premiums Its Not a Big Increase,FAKE
595,595,Defense Board White House Blocked Navy From S China Sea Warship Passages,FAKE
596,596,Team Clinton Lets Talk About Russia Not the WikiLeaks Emails,FAKE
597,597,Syrian Mother Islamic State Baked Christians Kneaded Children in Bakery Machines,FAKE
598,598,Anger in NATO EU as Syriabound Russian carrier group mulls stopover at Spanish port,FAKE
599,599,USled coalition killed 300 Syrian civilians in 11 probed strikes  Amnesty,FAKE
600,600,Hollande set to lose French presidency after complaining there are too many immigrants,FAKE
601,601,Trump Supporter Attacked by Hillary Zombies,FAKE
602,602,Editor of Austrias Largest Paper Charged with Hate Speech over Migrant Article,FAKE
603,603,Florida Taco Trucks Used to Lure Democrat Voters to Polls,FAKE
604,604,Samantha Bee Says Partial Birth Abortion is Not a Thing WRONG,FAKE
605,605,Leaked Emails Reveal Hillary Cant Speak for Very Long Without a Podium So Were the Debates Rigged,FAKE
606,606,Condell Americas Moment Of Truth,FAKE
607,607,New earthquake strikes central Italy,FAKE
608,608,Obamacare Architect Gruber Demands Larger Mandate Penalty,FAKE
609,609,Election Theft in Texas,FAKE
610,610,Nuclear Reactor in Norway Leaks Radioactive Iodine,FAKE
611,611,Are Tensions With Russia Even Real,FAKE
612,612,Duterte Wants Foreign Troops Out of Philippines in 2 Years,FAKE
613,613,US Stuck With Nobody Left to Sanction in Russia Over Syria,FAKE
614,614,Re Babylon Mystery Religion Series,FAKE
615,615,Solar Winds Spur Geomagnetic Storm That May Affect Power,FAKE
616,616,AIG Quadruples Limits for Terrorism Insurance to 1 Billion,FAKE
617,617,Microsoft Introduces Windows 10 Update With Creative Focus,FAKE
618,618,Babylon Mystery Religion Book,FAKE
619,619,The Next 10 Years Will Be Ugly for Your 401k,FAKE
620,620,Obsolete 2016,FAKE
621,621,MessagingApp Comp Lines Profit Misses Estimates as Ads Push Meets Slow Growth,FAKE
622,622,Nintendo Cuts FullYear Sales Operating Profit Forecasts,FAKE
623,623,Radioactive Fukushima Wood Becomes Power in German Machine,FAKE
624,624,Re Democrats Loved Jonathan Gruber Before They Forgot Who He Was Video,FAKE
625,625,Re WHERES THERE A CRASH WORLD ECONOMY COLLAPSING  HEADLINES OCTOBER 2016,FAKE
626,626,New Lunar Craters Mystery  Space News,FAKE
627,627,Dr Paul Craig Roberts WE ALL MIGHT BE DEAD SOON,FAKE
628,628,Putin Ready To Invade Ukraine World War Three WW3,FAKE
629,629,WATCH Hillary Aide RUSHES to Her Side to Help Her Climb ONE Step,FAKE
630,630,Why do parents refuse to vaccinate their children,FAKE
631,631,Get Ready For Civil Unrest Survey Finds That Most Americans Are Concerned About Election Violence,FAKE
632,632,Communists Terrorize Small Business,FAKE
633,633,Guardian Front Page A 16YearOld Migrant Cries,FAKE
634,634,Texas Official Sees Record Breaking Turnout And Its All For Trump,FAKE
635,635,Obamacare Architect LAUGHS About Skyrocketing Premiums VIDEO,FAKE
636,636,Re Communism fascism nazism Marxism ALL created by the Vatican not Jews,FAKE
637,637,Clinton Campaign Circulated Paul Ryan Relative as Possible Supreme Court Pick,FAKE
638,638,NATO Buildup in Eastern Europe Weve Only Seen the Tip of the Iceberg,FAKE
639,639,Leaked Memo Exposes Shady Dealings Between Clinton Foundation Donors And Bills ForProfit Activities,FAKE
640,640,Lets Be Clear  A Vote For Warmonger Hillary Clinton Is A Vote For World War 3,FAKE
641,641,UK economy grows 05pc in the wake of Brexit vote defying recession fears,FAKE
642,642,Fascism Environmentalists Force Coal Plant Closure Towns Economy Hit HARD,FAKE
643,643,College warns against deplorable and problematic costumes,FAKE
644,644,Meet Peter Kadzik  Another Clinton Stooge at the Justice Department,FAKE
645,645,Bill Clintons Lover He Called Ruthless Hillary The Warden,FAKE
646,646,Wikileaks memo Bill Clinton raked in tens of millions of dollars through a series of deals while Hillary was Secretary of State,FAKE
648,648,Video Rude CNN Reporter Asks Trump Why Hes Taking Time Off To Open A Hotel,FAKE
649,649,AIG Quadruples Limits for Terrorism Insurance to 1 Billion,FAKE
651,651,GLP Forum godlike productions,FAKE
652,652,Trump Warns Of Vote Flipping On Machines,FAKE
653,653,Netflix and PILL Streaming firm boss reveals the future of TV could be a Matrixstyle hallucinatory drug,FAKE
654,654,Republicans in Congress are ready for Hillary as they prepare for new probes into Clinton Foundation,FAKE
655,655,MSNBCs Scarborough Zings The Media Is Aggressively Taken Sides and Theyve Admitted to it,FAKE
656,656,Liberal CNN Commentator Blames Republicans for Obamacares Rising Premiums,FAKE
657,657,Mission accomplished RT crew finds refugees still at Jungle camp despite successful eviction,FAKE
658,658,Dying out Wild animal numbers could fall by 67 from 19702020 study says,FAKE
659,659,Babylon Mystery Religion Series,FAKE
667,667,Obsolete 2016,FAKE
673,673,Nintendo Cuts FullYear Sales Operating Profit Forecasts,FAKE
675,675,MessagingApp Comp Lines Profit Misses Estimates as Ads Push Meets Slow Growth,FAKE
676,676,EU states agree caps on wholesale roaming charges,FAKE
680,680,Three Quarters Of Americans Oppose Gun Control,FAKE
681,681,Wikileaks Email Clinton Operative Thinks Black Voters Are Stupid,FAKE
682,682,Britain joins biggest European military buildup since Cold War,FAKE
683,683,Fox News Poll Clinton leads Trump by three points,FAKE
684,684,MYSTERY Are Hillary Clintons eye problems becoming more frequent,FAKE
685,685,Why So Few Whistleblowers A Former CIA Agent's Story,FAKE
686,686,Solar Winds Spur Geomagnetic Storm That May Affect Power,FAKE
687,687,HIDDEN CAMERA NYC Democratic Election Commissioner I Think There Is A lot of Voter Fraud  Project Veritas,TRUE
688,688,Hillary cancels public appearance due to a large crowd of people chanting Lock Her Up,TRUE
689,689,Wikileaks Gives Hillary An Ultimatum QUIT Or We Dump Something LifeDestroying  The Resistance The Last Line of Defense,FAKE
690,690,Hillary Collapses On Her Way To The Stage Sellout Bruce Springsteen Covers For Her  The Resistance The Last Line of Defense,FAKE
691,691,Van Full Of Illegals Shows Up To Vote Clinton At SIX Polling Places Still Think Voter Fraud Is A Myth  The Resistance The Last Line of Defense,FAKE
692,692,Lady Gagas Twitter Attack On Melania Trump Lands Her In Handcuffs When The Two Meet Face To Face  The Resistance The Last Line of Defense,FAKE
693,693,Tape Reveals Bill Clinton Urging Mistress To Deny He Helped Her Get Job,TRUE
694,694,Poll Finds Americans' Support For Police Highest In Nearly 50 Years,TRUE
695,695,As Millions Face Obamacare Hikes Plan's Architect Smiles For The Camera,TRUE
696,696,Massive Increase Reported In Illegal Immigrants Coming Across Southern Border,TRUE
698,698,Trump Mocks Biden's Dare To Take Him 'Behind the Gym',TRUE
699,699,Trump Dedicates DC Hotel 'The Future Lies With The Dreamers',TRUE
702,702,Trump Sets GOP Fundraising Milestone In SmallDonor Contributions,TRUE
712,712,Newt Gingrich Defends Donald Trump Against 'Sexual Predator' Accusations,TRUE
719,719,Money Laundering Scheme Exposed 14 ProClinton Super PACs Nonprofits Implicated,TRUE
721,721,13 Years Later Elizabeth Smart Realizes Kidnapping Was Even Worse For Her Parents,TRUE
727,727,WH Press Secretary Says Obama's Denial About Clinton Server Was 'Entirely Factual',TRUE
793,793,Kenyan refugee kills coworker self,TRUE
794,794,Woman 'eaten alive' by daughter's dogs,TRUE
795,795,State that fired pastor demands his sermons notes,TRUE
796,796,Kenyan refugee kills coworker self,TRUE
797,797,Trump Hillary would lead to World War 3,TRUE
798,798,Texas county switches to 'emergency paper ballots',TRUE
799,799,Poll Trump pulls ahead in Florida,TRUE
800,800,State that fired pastor demands his sermons notes,TRUE
801,801,Woman 'eaten alive' by daughter's dogs,TRUE
802,802,Young patient,TRUE
803,803,Limbaugh Democrats would 'destroy Jesus Christ',TRUE
804,804,See Dems accept foreign cash to disrupt Trump rallies,TRUE
805,805,See Dems accept foreign cash to disrupt Trump rallies,TRUE
806,806,Limbaugh Democrats would 'destroy Jesus Christ',TRUE
807,807,Dow higher as Boeing gains offset Apple's fall,TRUE
808,808,Feds 275000 born to illegals in 1 year,TRUE
809,809,Feds 275000 born to illegals in 1 year,TRUE
810,810,Dow higher as Boeing gains offset Apple's fall,TRUE
811,811,Young patient,TRUE
812,812,Impeachmentera evidence against Bill Clinton still sealed,TRUE
813,813,UN declares junk food a 'human rights' issue,TRUE
814,814,Yes creationists can be real scientists too,TRUE
815,815,UN declares junk food a 'human rights' issue,TRUE
816,816,Impeachmentera evidence against Bill Clinton still sealed,TRUE
817,817,The man who spoke softly but carried a big stick,TRUE
818,818,Yes creationists can be real scientists too,TRUE
819,819,The man who spoke softly but carried a big stick,TRUE
820,820,Federal judge charges Sheriff Joe with contempt,TRUE
821,821,Federal judge charges Sheriff Joe with contempt,TRUE
822,822,'All About Jesus' shirt sparks school uproar,TRUE
823,823,Loretta Lynch takes on 'killer cops'  except in DC,TRUE
824,824,Will it be representative government or thugocracy,TRUE
825,825,29 of Hillary's scandals The early years,TRUE
826,826,Why 'Never Trumpers' must reconsider,TRUE
827,827,Election crossroads Socialism or capitalism,TRUE
828,828,7 reasons I'll vote for Trump,TRUE
829,829,Our new country Women and minorities hit hardest,TRUE
830,830,Trump vs Clinton A risk vs a disaster,TRUE
831,831,Gingrich slutshames Megyn Kelly,TRUE
832,832,Clinton transmitted classified info to her lawyers,TRUE
833,833,YouTube bans 'Clinton's black son',TRUE
834,834,Loretta Lynch takes on 'killer cops'  except in DC,TRUE
835,835,Will it be representative government or thugocracy,TRUE
836,836,29 of Hillary's scandals The early years,TRUE
837,837,Why 'Never Trumpers' must reconsider,TRUE
838,838,Election crossroads Socialism or capitalism,TRUE
839,839,7 reasons I'll vote for Trump,TRUE
840,840,Our new country Women and minorities hit hardest,TRUE
841,841,Trump vs Clinton A risk vs a disaster,TRUE
842,842,Gingrich slutshames Megyn Kelly,TRUE
843,843,YouTube bans 'Clinton's black son',TRUE
844,844,26 WikiLeaks bombshells on Hillary you need to know,TRUE
845,845,Fascinated with sex,TRUE
846,846,Hillary's 33000 emails might not be 'missing' after all,TRUE
847,847,Hillary's 33000 emails might not be 'missing' after all,TRUE
848,848,26 WikiLeaks bombshells on Hillary you need to know,TRUE
849,849,Fascinated with sex,TRUE
850,850,Meteor space junk rocket Mysterious flash hits Siberia,TRUE
851,851,Did Democrats really stuff ballot Here's their answer,TRUE
852,852,19 men cry rape by Iran's top Quran reader,TRUE
853,853,Did Democrats really stuff ballot Here's their answer,TRUE
854,854,19 men cry rape by Iran's top Quran reader,TRUE
855,855,Meteor space junk rocket Mysterious flash hits Siberia,TRUE
856,856,Bellwether Trump kippas outselling Hillary yarmulkes,TRUE
857,857,'Grand slam' Fatherson film is smash hit for families,TRUE
858,858,Judge warns of dangers of appointed judiciary,TRUE
859,859,'Grand slam' Fatherson film is smash hit for families,TRUE
860,860,Judge warns of dangers of appointed judiciary,TRUE
861,861,Bellwether Trump kippas outselling Hillary yarmulkes,TRUE
862,862,Show biz Business and breakthroughs,TRUE
863,863,Paintings 'almost no one else seemed to be doing',TRUE
864,864,NATO calls for more troops for faceoff against Putin,TRUE
865,865,Exrep 'If Trump loses I'm grabbing my musket',TRUE
866,866,Rand Paul returns 620000 to US Treasury,TRUE
867,867,NATO calls for more troops for faceoff against Putin,TRUE
868,868,Exrep 'If Trump loses I'm grabbing my musket',TRUE
869,869,Rand Paul returns 620000 to US Treasury,TRUE
870,870,Show biz Business and breakthroughs,TRUE
871,871,Paintings 'almost no one else seemed to be doing',TRUE
872,872,World wildlife 'falls by 58 in 40 years',TRUE
873,873,Boycott targets Trump family on retail front,TRUE
874,874,Obamacare tax penalty I'll take it millions say,TRUE
875,875,2700yearold Hebrew mention of Jerusalem found,TRUE
876,876,World wildlife 'falls by 58 in 40 years',TRUE
877,877,Dems sue GOP over Trump's 'rigged' complaints,TRUE
878,878,2700yearold Hebrew mention of Jerusalem found,TRUE
879,879,Boycott targets Trump family on retail front,TRUE
880,880,Obamacare tax penalty I'll take it millions say,TRUE
881,881,Dems sue GOP over Trump's 'rigged' complaints,TRUE
882,882,Hillary emails 'whitelisted' for Obama's BlackBerry,TRUE
883,883,Support for 'assaultweapon' ban hits record low,TRUE
884,884,Pope 'God promised the land to people of Israel',TRUE
885,885,Christ's burial place exposed for 1st time in centuries,TRUE
886,886,Prof Canoes reek of genocide white privilege,TRUE
887,887,Teens walk free after gangrape conviction,TRUE
888,888,School named for Munichmassacre mastermind,TRUE
889,889,Russia unveils 'Satan 2' missile,TRUE
890,890,Check out Hillarythemed 'haunted house',TRUE
891,891,Good Samaritan wearing Indian headdress disarms gunman,TRUE
892,892,Skype sex scam  a fortune built on shame,TRUE